<?xml version="1.0"?>
<!--
    This file is part of Npackd.
    
    Npackd is free software: you can redistribute it and/or modify
    it under the terms of the GNU General Public License as published by
    the Free Software Foundation, either version 3 of the License, or
    (at your option) any later version.
    
    Npackd is distributed in the hope that it will be useful,
    but WITHOUT ANY WARRANTY; without even the implied warranty of
    MERCHANTABILITY or FITNESS FOR A PARTICULAR PURPOSE.  See the
    GNU General Public License for more details.
    
    You should have received a copy of the GNU General Public License
    along with Npackd.  If not, see <http://www.gnu.org/licenses/>.
    --><root>
 <spec-version>3.5</spec-version>
 <license name="com.freecommander.License">
  <title>FreeCommander license</title>
  <url>http://www.freecommander.com/license_en.htm</url>
 </license>
 <license name="org.gnu.GPLv2">
  <title>GPLv2</title>
  <url>http://www.gnu.org/licenses/gpl.html</url>
 </license>
 <license name="org.gnu.GPLv3">
  <title>GPLv3</title>
  <url>http://www.gnu.org/licenses/gpl.html</url>
 </license>
 <license name="org.gnu.LGPLv3">
  <title>LGPLv3</title>
  <url>http://www.gnu.de/documents/lgpl-3.0.en.html</url>
 </license>
 <license name="org.opensource.BSDLicense">
  <title>BSD license</title>
  <url>http://www.opensource.org/licenses/bsd-license.html</url>
 </license>
 <license name="se.haxx.curl.CURLLicense">
  <title>cURL license</title>
  <url>http://curl.haxx.se/legal/licmix.html</url>
 </license>
 <package name="com.freecommander.FreeCommanderXE">
  <title>FreeCommanderXE</title>
  <url>http://www.freecommander.com</url>
  <description>WARNING: this package always installs the newest version of the software.
file manager</description>
  <icon>http://www.freecommander.com/Images/logo/fcLogo150x150.png</icon>
  <license>com.freecommander.License</license>
  <category>Tools/File Managers</category>
  <tag>same-url</tag>
  <tag>stable</tag>
  <stars>2</stars>
 </package>
 <package name="com.googlecode.windows-package-manager.Npackd">
  <title>Npackd</title>
  <url>https://github.com/tim-lebedkov/npackd-cpp</url>
  <description>package manager</description>
  <icon>https://lh5.googleusercontent.com/-Clv-5HRjnqw/T2iH5F-IJYI/AAAAAAAAAbY/PRAIafxwI1c/s800/com.googlecode.windows-package-manager.Npackd.png</icon>
  <license>org.gnu.GPLv3</license>
  <category>Tools</category>
  <tag>stable</tag>
  <stars>6</stars>
  <link href="https://github.com/tim-lebedkov/npackd/wiki/ChangeLog" rel="changelog"/>
  <link href="http://npackd.appspot.com/Npackd.png" rel="screenshot"/>
 </package>
 <package name="com.googlecode.windows-package-manager.Npackd64">
  <title>Npackd 64 bit</title>
  <url>https://github.com/tim-lebedkov/npackd-cpp</url>
  <description>package manager</description>
  <icon>https://lh5.googleusercontent.com/-Clv-5HRjnqw/T2iH5F-IJYI/AAAAAAAAAbY/PRAIafxwI1c/s800/com.googlecode.windows-package-manager.Npackd.png</icon>
  <license>org.gnu.GPLv3</license>
  <category>Tools</category>
  <tag>stable64</tag>
  <stars>12</stars>
  <link href="https://github.com/tim-lebedkov/npackd/wiki/ChangeLog" rel="changelog"/>
  <link href="http://npackd.appspot.com/Npackd.png" rel="screenshot"/>
 </package>
 <package name="com.googlecode.windows-package-manager.NpackdCL">
  <title>NpackdCL</title>
  <url>https://github.com/tim-lebedkov/npackd-cpp</url>
  <description>command line interface to Npackd</description>
  <icon>https://lh6.googleusercontent.com/-R3PmyAtT6P8/T2iIJygyrqI/AAAAAAAAAbg/bCcaRCTAab8/s800/com.googlecode.windows-package-manager.NpackdCL.png</icon>
  <license>org.gnu.GPLv3</license>
  <category>Tools</category>
  <tag>stable</tag>
  <stars>3</stars>
  <link href="https://github.com/tim-lebedkov/npackd/wiki/ChangeLog" rel="changelog"/>
 </package>
 <package name="libreoffice64">
  <title>LibreOffice 64 bit</title>
  <url>https://www.libreoffice.org</url>
  <description>office suite (Writer, Calc, Impress, Draw, Math and Base)</description>
  <icon>https://lh3.googleusercontent.com/-QEjl3YvSGo0/UQJfml6yzNI/AAAAAAAAAEI/688nH9frhAI/s800/libreoffice.png</icon>
  <license>org.gnu.LGPLv3</license>
  <category>Productivity</category>
  <tag>auto-create-versions</tag>
  <tag>stable64</tag>
  <tag>reupload</tag>
  <stars>9</stars>
  <link href="https://www.libreoffice.org/download/release-notes/" rel="changelog"/>
 </package>
 <package name="org.blender.Blender">
  <title>Blender</title>
  <url>https://www.blender.org/</url>
  <description>WARNING: there will be no new versions of this package.
3D content creator</description>
  <icon>https://lh5.googleusercontent.com/-kFYTFEF166c/T2h0G2-FprI/AAAAAAAAAYw/tYsLnlw3vfU/s800/org.blender.Blender.png</icon>
  <license>org.gnu.GPLv2</license>
  <category>Productivity</category>
  <tag>stable</tag>
  <tag>end-of-life</tag>
  <stars>1</stars>
 </package>
 <package name="org.grisbi.Grisbi">
  <title>Grisbi</title>
  <url>http://www.grisbi.org</url>
  <description>personal accounting</description>
  <icon>https://lh6.googleusercontent.com/-LayoRgzE8rY/USin2mtr9TI/AAAAAAAAAoc/x3AEOoaaSZs/s800/grisbi.png</icon>
  <license>org.gnu.GPLv2</license>
  <category>Finance</category>
  <tag>stable</tag>
 </package>
 <package name="python-multiprocessing">
  <title>Python multiprocessing</title>
  <url>https://pypi.python.org/pypi/multiprocessing#downloads</url>
  <description>Python multiprocessing</description>
  <icon>https://lh3.googleusercontent.com/--CLxMMKTezM/UcKfVSv3sVI/AAAAAAAACME/ikiC3gkqfes/s800/python.png</icon>
  <license>org.opensource.BSDLicense</license>
  <category>Development</category>
  <tag>stable</tag>
 </package>
 <package name="se.haxx.curl.CURL">
  <title>cURL</title>
  <url>http://curl.haxx.se/</url>
  <description>data transfer utility</description>
  <icon>https://curl.haxx.se/favicon.ico</icon>
  <license>se.haxx.curl.CURLLicense</license>
  <category>Communications</category>
  <tag>stable</tag>
  <tag>reupload</tag>
  <link href="https://curl.haxx.se/changes.html" rel="changelog"/>
 </package>

 <version name="2012.591" package="com.freecommander.FreeCommanderXE">
  <important-file path="FreeCommander.exe" title="FreeCommander"/>
  <url>http://files.npackd.org/com.freecommander.FreeCommander-2012.591.zip</url>
  <sha1>4b6012d5bcb07be9a5612bae5767560bbab5d103</sha1>
 </version>
 <version name="2012.609" package="com.freecommander.FreeCommanderXE">
  <important-file path="FreeCommander.exe" title="FreeCommander"/>
  <url>http://files.npackd.org/com.freecommander.FreeCommander-2012.609.zip</url>
  <sha1>5102a08f8bdba95beba6db486023bea8ca62bb6d</sha1>
 </version>
 <version name="2013.621" package="com.freecommander.FreeCommanderXE">
  <important-file path="FreeCommander.exe" title="FreeCommander"/>
  <url>http://files.npackd.org/com.freecommander.FreeCommander-2013.621.zip</url>
  <sha1>74b7d2ea1b185cee616de24e5c105268a5c976f2</sha1>
 </version>
 <version name="2014.650" package="com.freecommander.FreeCommanderXE">
  <important-file path="FreeCommander.exe" title="FreeCommander"/>
  <url>http://files.npackd.org/com.freecommander.FreeCommanderXE-2014.650.zip</url>
  <sha1>bc7f995d14ae6b8d9cb322d943c7f4427807800b</sha1>
 </version>
 <version name="2015.685" package="com.freecommander.FreeCommanderXE">
  <file path=".Npackd\Install.bat">for /f "delims=" %%x in ('dir /b *.exe') do set setup=%%x&#13;
"%setup%" /SP- /VERYSILENT /SUPPRESSMSGBOXES /NOCANCEL /NORESTART /DIR="%CD%" /SAVEINF="%CD%\.Npackd\InnoSetupInfo.ini" /LOG="%CD%\.Npackd\InnoSetupInstall.log" &amp;&amp; del /f /q "%setup%"&#13;
set err=%errorlevel%&#13;
type .Npackd\InnoSetupInstall.log&#13;
if %err% neq 0 exit %err%&#13;
</file>
  <file path=".Npackd\Uninstall.bat">unins000.exe /VERYSILENT /SUPPRESSMSGBOXES /NORESTART /LOG="%CD%\.Npackd\InnoSetupUninstall.log"&#13;
set err=%errorlevel%&#13;
type .Npackd\InnoSetupUninstall.log&#13;
if %err% neq 0 exit %err%&#13;
</file>
  <url>http://files.npackd.org/com.freecommander.FreeCommanderXE/com.freecommander.FreeCommanderXE-2015.685.zip</url>
  <sha1>bf845b6803ccb80912055482e9a8ed5aee229aa8</sha1>
 </version>
 <version name="2016.716" package="com.freecommander.FreeCommanderXE">
  <file path=".Npackd\Install.bat">for /f "delims=" %%x in ('dir /b *.exe') do set setup=%%x&#13;
"%setup%" /SP- /VERYSILENT /SUPPRESSMSGBOXES /NOCANCEL /NORESTART /DIR="%CD%" /SAVEINF="%CD%\.Npackd\InnoSetupInfo.ini" /LOG="%CD%\.Npackd\InnoSetupInstall.log" &amp;&amp; del /f /q "%setup%"&#13;
set err=%errorlevel%&#13;
type .Npackd\InnoSetupInstall.log&#13;
if %err% neq 0 exit %err%&#13;
</file>
  <file path=".Npackd\Uninstall.bat">unins000.exe /VERYSILENT /SUPPRESSMSGBOXES /NORESTART /LOG="%CD%\.Npackd\InnoSetupUninstall.log"&#13;
set err=%errorlevel%&#13;
type .Npackd\InnoSetupUninstall.log&#13;
if %err% neq 0 exit %err%&#13;
</file>
  <url>http://freecommander.com/downloads/FreeCommanderXE-32-public_beta_setup716.zip</url>
  <sha1>a8b1c375fcc913ffe4995f1dedbfea0bef083e5a</sha1>
 </version>

 <version name="1.17.9" package="com.googlecode.windows-package-manager.Npackd">
  <important-file path="npackdg.exe" title="Npackd"/>
  <url>https://sourceforge.net/projects/npackd/files/com.googlecode.windows-package-manager/Npackd-1.17.9.zip</url>
  <sha1>4cfc3023137ac694201408cb862d582bfc87671b</sha1>
 </version>
 <version name="1.18.3" package="com.googlecode.windows-package-manager.Npackd">
  <important-file path="npackdg.exe" title="Npackd"/>
  <url>https://sourceforge.net/projects/npackd/files/com.googlecode.windows-package-manager/Npackd32-1.18.3.zip</url>
  <sha1>f34c737ed811e3e3eb2eebc8d46233d9e196e8b2</sha1>
 </version>
 <version name="1.18.5" package="com.googlecode.windows-package-manager.Npackd">
  <important-file path="npackdg.exe" title="Npackd"/>
  <url>https://sourceforge.net/projects/npackd/files/com.googlecode.windows-package-manager/Npackd32-1.18.5.zip</url>
  <sha1>a9e7a952c550d1d89200f4b49fc211bd5d10f5b0</sha1>
 </version>
 <version name="1.18.6" package="com.googlecode.windows-package-manager.Npackd">
  <important-file path="npackdg.exe" title="Npackd"/>
  <url>https://sourceforge.net/projects/npackd/files/com.googlecode.windows-package-manager/Npackd32-1.18.6.zip</url>
  <sha1>223843e6a38de156fb7389279313e0f40bc2e08e</sha1>
 </version>
 <version name="1.19.9" package="com.googlecode.windows-package-manager.Npackd">
  <important-file path="npackdg.exe" title="Npackd"/>
  <url>https://sourceforge.net/projects/npackd/files/com.googlecode.windows-package-manager.Npackd/Npackd32-1.19.9.zip</url>
  <sha1>4df6efad24e9823f4b220166023622bcf16e83fe</sha1>
 </version>
 <version name="1.19.10" package="com.googlecode.windows-package-manager.Npackd">
  <important-file path="npackdg.exe" title="Npackd"/>
  <url>https://sourceforge.net/projects/npackd/files/com.googlecode.windows-package-manager.Npackd/Npackd32-1.19.10.zip</url>
  <sha1>71662be69ef69f7049262c0d3ab9b74b8d04a6ba</sha1>
 </version>
 <version name="1.19.11" package="com.googlecode.windows-package-manager.Npackd">
  <important-file path="npackdg.exe" title="Npackd"/>
  <url>https://sourceforge.net/projects/npackd/files/com.googlecode.windows-package-manager.Npackd/Npackd32-1.19.11.zip</url>
  <sha1>babc25e324353444d7d227f311084f3694072149</sha1>
 </version>
 <version name="1.19.12" package="com.googlecode.windows-package-manager.Npackd">
  <important-file path="npackdg.exe" title="Npackd"/>
  <url>https://sourceforge.net/projects/npackd/files/com.googlecode.windows-package-manager.Npackd/Npackd32-1.19.12.zip</url>
  <sha1>e3dc4477a1be7c8be5257686e81a4f69c44a7f56</sha1>
 </version>
 <version name="1.20.2" package="com.googlecode.windows-package-manager.Npackd">
  <important-file path="npackdg.exe" title="Npackd"/>
  <url>https://sourceforge.net/projects/npackd/files/com.googlecode.windows-package-manager.Npackd/Npackd32-1.20.2.zip</url>
  <sha1>5227baccc51d4a6c55b19f5f484f670766e048e2</sha1>
 </version>
 <version name="1.20.3" package="com.googlecode.windows-package-manager.Npackd">
  <important-file path="npackdg.exe" title="Npackd"/>
  <url>https://sourceforge.net/projects/npackd/files/com.googlecode.windows-package-manager.Npackd/Npackd32-1.20.3.zip</url>
  <sha1>4864a7967df1ae1eb04f2bdfbd062c1a6c4b06af</sha1>
 </version>
 <version name="1.20.4" package="com.googlecode.windows-package-manager.Npackd">
  <important-file path="npackdg.exe" title="Npackd"/>
  <url>https://sourceforge.net/projects/npackd/files/com.googlecode.windows-package-manager.Npackd/Npackd32-1.20.4.zip</url>
  <sha1>f1bb3a18d5008c8cf305330984f1503e641658ba</sha1>
 </version>
 <version name="1.21.1" package="com.googlecode.windows-package-manager.Npackd">
  <important-file path="npackdg.exe" title="Npackd"/>
  <url>https://ci.appveyor.com/api/buildjobs/i1iam5tb2urnflhc/artifacts/Npackd32-1.21.1.zip</url>
  <sha1>294f66a615e3bf98591c4a461e5b190fef550613</sha1>
 </version>
 <version name="1.21.2" package="com.googlecode.windows-package-manager.Npackd">
  <important-file path="npackdg.exe" title="Npackd"/>
  <url>https://ci.appveyor.com/api/buildjobs/c1e48vd5fky2xpk1/artifacts/Npackd32-1.21.2.zip</url>
  <sha1>68aae5f36f2d1cbcd46e20ec1e0eb6d11fe58ef6</sha1>
 </version>
 <version name="1.21.3" package="com.googlecode.windows-package-manager.Npackd">
  <important-file path="npackdg.exe" title="Npackd"/>
  <url>https://ci.appveyor.com/api/buildjobs/y6151veq3ynrg0x5/artifacts/Npackd32-1.21.3.zip</url>
  <sha1>fab1f2cf276f6c2413adad9e42da9c2fbee55f5a</sha1>
 </version>
 <version name="1.21.4" package="com.googlecode.windows-package-manager.Npackd">
  <important-file path="npackdg.exe" title="Npackd"/>
  <url>https://ci.appveyor.com/api/buildjobs/c889pejihs2hxpk1/artifacts/Npackd32-1.21.4.zip</url>
  <sha1>9af369221f2b2ba2682e4f1c8fad2c55bea95979</sha1>
 </version>
 <version name="1.21.5" package="com.googlecode.windows-package-manager.Npackd">
  <important-file path="npackdg.exe" title="Npackd"/>
  <url>https://github.com/tim-lebedkov/npackd-cpp/releases/download/version_1.21.5/Npackd32-1.21.5.zip</url>
  <sha1>e6023d37efd64dfb9f2c43ce586aa12c4640a465</sha1>
 </version>
 <version name="1.22" package="com.googlecode.windows-package-manager.Npackd">
  <important-file path="npackdg.exe" title="Npackd"/>
  <url>https://github.com/tim-lebedkov/npackd-cpp/releases/download/version_1.22/Npackd32-1.22.zip</url>
  <sha1>ad172d5b94b2a59bd5df688a4a79c8b5b777596b</sha1>
 </version>
 <version name="1.23" package="com.googlecode.windows-package-manager.Npackd">
  <important-file path="npackdg.exe" title="Npackd"/>
  <url>https://github.com/tim-lebedkov/npackd-cpp/releases/download/version_1.23/Npackd32-1.23.zip</url>
  <sha1>c50fb646e3345280e22312ede5360a4fc875bf31</sha1>
 </version>
 <version name="1.24.5" package="com.googlecode.windows-package-manager.Npackd">
  <important-file path="npackdg.exe" title="Npackd"/>
  <url>https://github.com/tim-lebedkov/npackd-cpp/releases/download/version_1.24.5/Npackd32-1.24.5.zip</url>
  <hash-sum type="SHA-256">3dd8663c4c33eeb35eba0c60ce8d995e8c665aed268c5382a8eebbd91cd8a091</hash-sum>
 </version>
 <version name="1.26" package="com.googlecode.windows-package-manager.Npackd">
  <important-file path="npackdg.exe" title="Npackd"/>
  <url>https://github.com/tim-lebedkov/npackd-cpp/releases/download/version_1.26/Npackd32-1.26.0.zip</url>
  <hash-sum type="SHA-256">b7c650e395a2c18980f3ae4ef5c175cbda83ac8e8034d6adf56ef8e4f16c4c12</hash-sum>
 </version>
 <version name="1.26.3" package="com.googlecode.windows-package-manager.Npackd">
  <important-file path="npackdg.exe" title="Npackd"/>
  <url>https://github.com/tim-lebedkov/npackd-cpp/releases/download/version_1.26.3/Npackd32-1.26.3.zip</url>
  <hash-sum type="SHA-256">506c77ceae1663d5785a5fe502cd779e78a543e592a0a78005e030485532e897</hash-sum>
 </version>
 <version name="1.26.8" package="com.googlecode.windows-package-manager.Npackd">
  <important-file path="npackdg.exe" title="Npackd"/>
  <url>https://github.com/tim-lebedkov/npackd-cpp/releases/download/version_1.26.8/Npackd32-1.26.8.zip</url>
  <hash-sum type="SHA-256">65adb88a5187bc7eff89685c50cb2c060f5185a1fb907bb462b4469baaa05b3c</hash-sum>
 </version>

 <version name="1.17.9" package="com.googlecode.windows-package-manager.Npackd64">
  <important-file path="npackdg.exe" title="Npackd"/>
  <url>https://sourceforge.net/projects/npackd/files/com.googlecode.windows-package-manager/Npackd64-1.17.9.zip</url>
  <sha1>cd1ee0f669418f0bf774b8a64f8c94fbcb485902</sha1>
 </version>
 <version name="1.18.3" package="com.googlecode.windows-package-manager.Npackd64">
  <important-file path="npackdg.exe" title="Npackd"/>
  <url>https://sourceforge.net/projects/npackd/files/com.googlecode.windows-package-manager/Npackd64-1.18.3.zip</url>
  <sha1>6ba6f07c39dfc73719f6dfe87c2af5aa58a7f185</sha1>
 </version>
 <version name="1.18.5" package="com.googlecode.windows-package-manager.Npackd64">
  <important-file path="npackdg.exe" title="Npackd"/>
  <url>https://sourceforge.net/projects/npackd/files/com.googlecode.windows-package-manager/Npackd64-1.18.5.zip</url>
  <sha1>2511eca14f550b9e6cb076e1f4e79f61511be440</sha1>
 </version>
 <version name="1.18.6" package="com.googlecode.windows-package-manager.Npackd64">
  <important-file path="npackdg.exe" title="Npackd"/>
  <url>https://sourceforge.net/projects/npackd/files/com.googlecode.windows-package-manager/Npackd64-1.18.6.zip</url>
  <sha1>34b46874606dc412b6ee925fce7c44fd3bbeb111</sha1>
 </version>
 <version name="1.19.6" package="com.googlecode.windows-package-manager.Npackd64">
  <important-file path="npackdg.exe" title="Npackd"/>
  <url>https://sourceforge.net/projects/npackd/files/com.googlecode.windows-package-manager.Npackd64/Npackd64-1.19.6.zip</url>
  <sha1>64c7fe6305c64666855e0ec5a5ee85ceabafc01e</sha1>
 </version>
 <version name="1.19.8" package="com.googlecode.windows-package-manager.Npackd64">
  <important-file path="npackdg.exe" title="Npackd"/>
  <url>https://sourceforge.net/projects/npackd/files/com.googlecode.windows-package-manager.Npackd64/Npackd64-1.19.8.zip</url>
  <sha1>b506d79054e0d8756c51f927f0ce2d3b3a8371e2</sha1>
 </version>
 <version name="1.19.9" package="com.googlecode.windows-package-manager.Npackd64">
  <important-file path="npackdg.exe" title="Npackd"/>
  <url>https://sourceforge.net/projects/npackd/files/com.googlecode.windows-package-manager.Npackd64/Npackd64-1.19.9.zip</url>
  <sha1>a0f98d4f5be247379ffbae207096c4fce65ccf02</sha1>
 </version>
 <version name="1.19.10" package="com.googlecode.windows-package-manager.Npackd64">
  <important-file path="npackdg.exe" title="Npackd"/>
  <url>https://sourceforge.net/projects/npackd/files/com.googlecode.windows-package-manager.Npackd64/Npackd64-1.19.10.zip</url>
  <sha1>7a27a2a232d29628e63a38bbc44bc1b0d7f2cca3</sha1>
 </version>
 <version name="1.19.11" package="com.googlecode.windows-package-manager.Npackd64">
  <important-file path="npackdg.exe" title="Npackd"/>
  <url>https://sourceforge.net/projects/npackd/files/com.googlecode.windows-package-manager.Npackd64/Npackd64-1.19.11.zip</url>
  <sha1>19a7c04747b5b28282089dafcce2c72a49afeeb5</sha1>
 </version>
 <version name="1.19.12" package="com.googlecode.windows-package-manager.Npackd64">
  <important-file path="npackdg.exe" title="Npackd"/>
  <url>https://sourceforge.net/projects/npackd/files/com.googlecode.windows-package-manager.Npackd64/Npackd64-1.19.12.zip</url>
  <sha1>ebbeabb451d8f7bc864657c377d447d643773f85</sha1>
 </version>
 <version name="1.20.2" package="com.googlecode.windows-package-manager.Npackd64">
  <important-file path="npackdg.exe" title="Npackd"/>
  <url>https://sourceforge.net/projects/npackd/files/com.googlecode.windows-package-manager.Npackd64/Npackd64-1.20.2.zip</url>
  <sha1>124bc6e5b11f3c27f65ba0062fcf3e67953320df</sha1>
 </version>
 <version name="1.20.3" package="com.googlecode.windows-package-manager.Npackd64">
  <important-file path="npackdg.exe" title="Npackd"/>
  <url>https://sourceforge.net/projects/npackd/files/com.googlecode.windows-package-manager.Npackd64/Npackd64-1.20.3.zip</url>
  <sha1>cc89e288c4dc9bcb5178329ef88409d870bcdaa4</sha1>
 </version>
 <version name="1.20.4" package="com.googlecode.windows-package-manager.Npackd64">
  <important-file path="npackdg.exe" title="Npackd"/>
  <url>https://sourceforge.net/projects/npackd/files/com.googlecode.windows-package-manager.Npackd64/Npackd64-1.20.4.zip</url>
  <sha1>2a33a3d9771b2c22850af114c5e6d717fc6edc75</sha1>
 </version>
 <version name="1.21.1" package="com.googlecode.windows-package-manager.Npackd64">
  <important-file path="npackdg.exe" title="Npackd"/>
  <url>https://ci.appveyor.com/api/buildjobs/3v8qlvg67q06iys4/artifacts/Npackd64-1.21.1.zip</url>
  <sha1>572742417274cefbfc1bc2384a7ed1f5b2ebe3af</sha1>
 </version>
 <version name="1.21.2" package="com.googlecode.windows-package-manager.Npackd64">
  <important-file path="npackdg.exe" title="Npackd"/>
  <url>https://ci.appveyor.com/api/buildjobs/42ivsk43clmnhu1n/artifacts/Npackd64-1.21.2.zip</url>
  <sha1>dc63dc1269133c60eb92b9f7e979865ad9daffbb</sha1>
 </version>
 <version name="1.21.3" package="com.googlecode.windows-package-manager.Npackd64">
  <important-file path="npackdg.exe" title="Npackd"/>
  <url>https://ci.appveyor.com/api/buildjobs/6tr0lkuwu4dxfxdl/artifacts/Npackd64-1.21.3.zip</url>
  <sha1>83269d44f099d253555e546fd2f729102acb24e0</sha1>
 </version>
 <version name="1.21.4" package="com.googlecode.windows-package-manager.Npackd64">
  <important-file path="npackdg.exe" title="Npackd"/>
  <url>https://ci.appveyor.com/api/buildjobs/f2nu3o7cthl7hox1/artifacts/Npackd64-1.21.4.zip</url>
  <sha1>6cc20a8644ca7f070aeaf99e8983163b3e3790e4</sha1>
 </version>
 <version name="1.21.5" package="com.googlecode.windows-package-manager.Npackd64">
  <important-file path="npackdg.exe" title="Npackd"/>
  <url>https://github.com/tim-lebedkov/npackd-cpp/releases/download/version_1.21.5/Npackd64-1.21.5.zip</url>
  <sha1>18fb579c56a97e206e4fb4cdc183aa8743f42068</sha1>
 </version>
 <version name="1.22" package="com.googlecode.windows-package-manager.Npackd64">
  <important-file path="npackdg.exe" title="Npackd"/>
  <url>https://github.com/tim-lebedkov/npackd-cpp/releases/download/version_1.22/Npackd64-1.22.zip</url>
  <sha1>f2bd8b51b9a69cffe490645357eeeab9595b757e</sha1>
 </version>
 <version name="1.23" package="com.googlecode.windows-package-manager.Npackd64">
  <important-file path="npackdg.exe" title="Npackd"/>
  <url>https://github.com/tim-lebedkov/npackd-cpp/releases/download/version_1.23/Npackd64-1.23.zip</url>
  <sha1>cc9c654a2e0c53adf7f752b1c3c40d6c28d9f93d</sha1>
 </version>
 <version name="1.24.5" package="com.googlecode.windows-package-manager.Npackd64">
  <important-file path="npackdg.exe" title="Npackd"/>
  <url>https://github.com/tim-lebedkov/npackd-cpp/releases/download/version_1.24.5/Npackd64-1.24.5.zip</url>
  <hash-sum type="SHA-256">5d0962ab479454a404908f286067afba058db4fa4ae3e2181837d86c6e9aad85</hash-sum>
 </version>
 <version name="1.26" package="com.googlecode.windows-package-manager.Npackd64">
  <important-file path="npackdg.exe" title="Npackd"/>
  <url>https://github.com/tim-lebedkov/npackd-cpp/releases/download/version_1.26/Npackd64-1.26.0.zip</url>
  <hash-sum type="SHA-256">ee12e37a7d45dbb3d6ab4cb1ce6dd3fc0ae3c06b7487ec36170e5bfb5b97ceea</hash-sum>
 </version>
 <version name="1.26.3" package="com.googlecode.windows-package-manager.Npackd64">
  <important-file path="npackdg.exe" title="Npackd"/>
  <url>https://github.com/tim-lebedkov/npackd-cpp/releases/download/version_1.26.3/Npackd64-1.26.3.zip</url>
  <hash-sum type="SHA-256">409976d84b5f055ec48d62653a3c5a3236f870f6a1c441ae0bc61114e1fd1426</hash-sum>
 </version>
 <version name="1.26.8" package="com.googlecode.windows-package-manager.Npackd64">
  <important-file path="npackdg.exe" title="Npackd"/>
  <url>https://github.com/tim-lebedkov/npackd-cpp/releases/download/version_1.26.8/Npackd64-1.26.8.zip</url>
  <hash-sum type="SHA-256">17c6340861efe8f01751f0befb2a139cfc2911860d63aeb3a2efbfd9772b0acb</hash-sum>
 </version>

 <version name="1.15" package="com.googlecode.windows-package-manager.NpackdCL">
  <url>http://files.npackd.org/org.googlecode.windows-package-manager.NpackdCL-1.15.zip</url>
  <sha1>182741deb99a652d991799d5b58ddc2c942b7b1e</sha1>
 </version>
 <version name="1.15.3" package="com.googlecode.windows-package-manager.NpackdCL">
  <url>http://files.npackd.org/org.googlecode.windows-package-manager.NpackdCL-1.15.3.zip</url>
  <sha1>318c93eeda1fae898356a8a2e99196380c0d49e2</sha1>
 </version>
 <version name="1.15.4" package="com.googlecode.windows-package-manager.NpackdCL">
  <url>http://files.npackd.org/org.googlecode.windows-package-manager.NpackdCL-1.15.4.zip</url>
  <sha1>101818481ef0e6b83cd12ed42092308ae2acc641</sha1>
 </version>
 <version name="1.16.1" package="com.googlecode.windows-package-manager.NpackdCL">
  <file path=".WPM\Install.bat">"%clu%\clu" add-path --path "%CD%"&#13;
verify</file>
  <file path=".WPM\Uninstall.bat">"%clu%\clu" remove-path --path "%CD%"&#13;
verify</file>
  <url>https://sourceforge.net/projects/npackd/files/com.googlecode.windows-package-manager/NpackdCL-1.16.1.zip</url>
  <sha1>64d5d1d65082931193258eca26adc23296f1cb60</sha1>
  <dependency package="com.googlecode.windows-package-manager.CLU" versions="[1, 2)">
   <variable>clu</variable>
  </dependency>
 </version>
 <version name="1.16.3" package="com.googlecode.windows-package-manager.NpackdCL">
  <file path=".WPM\Install.bat">"%clu%\clu" add-path --path "%CD%"&#13;
verify</file>
  <file path=".WPM\Uninstall.bat">"%clu%\clu" remove-path --path "%CD%"&#13;
verify</file>
  <url>https://storage.googleapis.com/google-code-archive-downloads/v2/code.google.com/windows-package-manager/NpackdCL-1.16.3.zip</url>
  <sha1>d241b27a11626a5c8c5bc61d69cc350033d01a91</sha1>
  <dependency package="com.googlecode.windows-package-manager.CLU" versions="[1, 2)">
   <variable>clu</variable>
  </dependency>
 </version>
 <version name="1.18.3" package="com.googlecode.windows-package-manager.NpackdCL">
  <file path=".Npackd\Install.bat">if "%npackd_cl%" equ "" set npackd_cl=.&#13;
"%clu%\clu" add-path --path "%CD%"&#13;
verify</file>
  <file path=".Npackd\Uninstall.bat">if "%npackd_cl%" equ "" set npackd_cl=.&#13;
"%clu%\clu" remove-path --path "%CD%"&#13;
verify</file>
  <url>https://sourceforge.net/projects/npackd/files/com.googlecode.windows-package-manager/NpackdCL-1.18.3.zip</url>
  <sha1>4e783a4bebd7ce49441b2efa89b1788fe1121c4b</sha1>
  <dependency package="com.googlecode.windows-package-manager.CLU" versions="[1, 2)">
   <variable>clu</variable>
  </dependency>
 </version>
 <version name="1.18.5" package="com.googlecode.windows-package-manager.NpackdCL">
  <file path=".Npackd\Install.bat">if "%npackd_cl%" equ "" set npackd_cl=.&#13;
"%clu%\clu" add-path --path "%CD%"&#13;
verify</file>
  <file path=".Npackd\Uninstall.bat">if "%npackd_cl%" equ "" set npackd_cl=.&#13;
"%clu%\clu" remove-path --path "%CD%"&#13;
verify</file>
  <url>https://sourceforge.net/projects/npackd/files/com.googlecode.windows-package-manager/NpackdCL-1.18.5.zip</url>
  <sha1>1af90bbc04e86a57fc1bd57da26680944d825bb0</sha1>
  <dependency package="com.googlecode.windows-package-manager.CLU" versions="[1, 2)">
   <variable>clu</variable>
  </dependency>
 </version>
 <version name="1.18.6" package="com.googlecode.windows-package-manager.NpackdCL">
  <file path=".Npackd\Install.bat">if "%npackd_cl%" equ "" set npackd_cl=.&#13;
"%clu%\clu" add-path --path "%CD%"&#13;
verify</file>
  <file path=".Npackd\Uninstall.bat">if "%npackd_cl%" equ "" set npackd_cl=.&#13;
"%clu%\clu" remove-path --path "%CD%"&#13;
verify</file>
  <url>https://sourceforge.net/projects/npackd/files/com.googlecode.windows-package-manager/NpackdCL-1.18.6.zip</url>
  <sha1>3ea6e960b31fb4d12e120a8f69cfa2f5007ab86d</sha1>
  <dependency package="com.googlecode.windows-package-manager.CLU" versions="[1, 2)">
   <variable>clu</variable>
  </dependency>
 </version>
 <version name="1.19.1" package="com.googlecode.windows-package-manager.NpackdCL">
  <url>https://sourceforge.net/projects/npackd/files/com.googlecode.windows-package-manager.NpackdCL/NpackdCL-1.19.1.zip</url>
  <sha1>987d1493f9982d61e62d9b27e16e3b250cea59fe</sha1>
 </version>
 <version name="1.19.2" package="com.googlecode.windows-package-manager.NpackdCL">
  <url>https://sourceforge.net/projects/npackd/files/com.googlecode.windows-package-manager.NpackdCL/NpackdCL-1.19.2.zip</url>
  <sha1>6801ccb903607f1cf128a3bb96db83c71758e025</sha1>
 </version>
 <version name="1.19.3" package="com.googlecode.windows-package-manager.NpackdCL">
  <url>https://sourceforge.net/projects/npackd/files/com.googlecode.windows-package-manager.NpackdCL/NpackdCL-1.19.3.zip</url>
  <sha1>b8c286641751e5bea87a1f0fa474d0da165a6d07</sha1>
 </version>
 <version name="1.19.4" package="com.googlecode.windows-package-manager.NpackdCL">
  <url>https://sourceforge.net/projects/npackd/files/com.googlecode.windows-package-manager.NpackdCL/NpackdCL-1.19.4.zip</url>
  <sha1>0cc778db565e815bb3877d85c148793080ae9bc4</sha1>
 </version>
 <version name="1.19.5" package="com.googlecode.windows-package-manager.NpackdCL">
  <url>https://sourceforge.net/projects/npackd/files/com.googlecode.windows-package-manager.NpackdCL/NpackdCL-1.19.5.zip</url>
  <sha1>6b477c30b572bd57a0bea70dbabafe4f1748f66b</sha1>
 </version>
 <version name="1.19.6" package="com.googlecode.windows-package-manager.NpackdCL">
  <url>https://sourceforge.net/projects/npackd/files/com.googlecode.windows-package-manager.NpackdCL/NpackdCL-1.19.6.zip</url>
  <sha1>6fa323815f602df3e6eb3f993baad0aba189d612</sha1>
 </version>
 <version name="1.19.7" package="com.googlecode.windows-package-manager.NpackdCL">
  <url>https://sourceforge.net/projects/npackd/files/com.googlecode.windows-package-manager.NpackdCL/NpackdCL-1.19.7.zip</url>
  <sha1>723012b514434540a696975cea3679f99267d911</sha1>
 </version>
 <version name="1.19.8" package="com.googlecode.windows-package-manager.NpackdCL">
  <url>https://sourceforge.net/projects/npackd/files/com.googlecode.windows-package-manager.NpackdCL/NpackdCL-1.19.8.zip</url>
  <sha1>32cdfcc8de1ce0330191722f697f502efea5eef2</sha1>
 </version>
 <version name="1.19.9" package="com.googlecode.windows-package-manager.NpackdCL">
  <url>https://sourceforge.net/projects/npackd/files/com.googlecode.windows-package-manager.NpackdCL/NpackdCL-1.19.9.zip</url>
  <sha1>f3d024a334f94a73aeb41669cc78f186176bea6a</sha1>
 </version>
 <version name="1.19.10" package="com.googlecode.windows-package-manager.NpackdCL">
  <url>https://sourceforge.net/projects/npackd/files/com.googlecode.windows-package-manager.NpackdCL/NpackdCL-1.19.10.zip</url>
  <sha1>ae3a1e05801ca9855ce5308f68169ca091053712</sha1>
 </version>
 <version name="1.19.11" package="com.googlecode.windows-package-manager.NpackdCL">
  <url>https://sourceforge.net/projects/npackd/files/com.googlecode.windows-package-manager.NpackdCL/NpackdCL-1.19.11.zip</url>
  <sha1>291b234d4d4ce00dbc4a513454b4062d80fb129e</sha1>
 </version>
 <version name="1.19.12" package="com.googlecode.windows-package-manager.NpackdCL">
  <url>https://sourceforge.net/projects/npackd/files/com.googlecode.windows-package-manager.NpackdCL/NpackdCL-1.19.12.zip</url>
  <sha1>3c70c3512f7b36263142e5a86b41a5b26c6c6cfa</sha1>
 </version>
 <version name="1.20.2" package="com.googlecode.windows-package-manager.NpackdCL">
  <url>https://sourceforge.net/projects/npackd/files/com.googlecode.windows-package-manager.NpackdCL/NpackdCL-1.20.2.zip</url>
  <sha1>7b04b00be62dd15cab901be3abdbd5a3c46e8628</sha1>
 </version>
 <version name="1.20.3" package="com.googlecode.windows-package-manager.NpackdCL">
  <url>https://sourceforge.net/projects/npackd/files/com.googlecode.windows-package-manager.NpackdCL/NpackdCL-1.20.3.zip</url>
  <sha1>04997d457e54f5a55b8ab8f3671859f6206f3ba5</sha1>
 </version>
 <version name="1.20.4" package="com.googlecode.windows-package-manager.NpackdCL">
  <url>https://sourceforge.net/projects/npackd/files/com.googlecode.windows-package-manager.NpackdCL/NpackdCL-1.20.4.zip</url>
  <sha1>47b01c3423d7b7a96776bfe5fb2d7103c0f8c62d</sha1>
 </version>
 <version name="1.21.5" package="com.googlecode.windows-package-manager.NpackdCL">
  <url>https://github.com/tim-lebedkov/npackd-cpp/releases/download/version_1.21.5/NpackdCL-1.21.5.zip</url>
  <sha1>5a3ac9bf32bb2d946043d8b9a4e9de6824b52753</sha1>
 </version>
 <version name="1.22" package="com.googlecode.windows-package-manager.NpackdCL">
  <url>https://github.com/tim-lebedkov/npackd-cpp/releases/download/version_1.22/NpackdCL-1.22.zip</url>
  <sha1>81db4136d4908a8de1cf86cdf1ae9a047848ecdd</sha1>
 </version>
 <version name="1.23" package="com.googlecode.windows-package-manager.NpackdCL">
  <cmd-file path="npackdcl.exe"/>
  <cmd-file path="ncl.exe"/>
  <url>https://github.com/tim-lebedkov/npackd-cpp/releases/download/version_1.23/NpackdCL-1.23.zip</url>
  <sha1>ee43f8247b6932ba7421e254a0e0bdea0ddfd54a</sha1>
 </version>
 <version name="1.24.5" package="com.googlecode.windows-package-manager.NpackdCL">
  <cmd-file path="npackdcl.exe"/>
  <cmd-file path="ncl.exe"/>
  <url>https://github.com/tim-lebedkov/npackd-cpp/releases/download/version_1.24.5/NpackdCL32-1.24.5.zip</url>
  <hash-sum type="SHA-256">d3cd420c1218e0b8e91e38cf672cc73754d3d75fb41b4184ff77e41fc5912172</hash-sum>
 </version>
 <version name="1.26" package="com.googlecode.windows-package-manager.NpackdCL">
  <cmd-file path="npackdcl.exe"/>
  <cmd-file path="ncl.exe"/>
  <url>https://github.com/tim-lebedkov/npackd-cpp/releases/download/version_1.26/NpackdCL32-1.26.0.zip</url>
  <hash-sum type="SHA-256">cee41cce3cc6b797ef01d93475079b7054141858e8ec1511f1d8aaa29fa82b57</hash-sum>
 </version>
 <version name="1.26.3" package="com.googlecode.windows-package-manager.NpackdCL">
  <cmd-file path="npackdcl.exe"/>
  <cmd-file path="ncl.exe"/>
  <url>https://github.com/tim-lebedkov/npackd-cpp/releases/download/version_1.26.3/NpackdCL32-1.26.3.zip</url>
  <hash-sum type="SHA-256">e2dbbc4e764575814814702b5b6d2727f300530b7e1e4a80f3a73f84ffe315ec</hash-sum>
 </version>
 <version name="1.26.8" package="com.googlecode.windows-package-manager.NpackdCL">
  <cmd-file path="npackdcl.exe"/>
  <cmd-file path="ncl.exe"/>
  <url>https://github.com/tim-lebedkov/npackd-cpp/releases/download/version_1.26.8/NpackdCL32-1.26.8.zip</url>
  <hash-sum type="SHA-256">58d787e7efc6f70c3a956d46b4504d65ef3d4a089668e40c011baff421f3de77</hash-sum>
 </version>

 <version name="4.4" package="libreoffice64" type="one-file">
  <file path=".Npackd\Install.bat">call "%npackdih%\InstallMSI.bat" INSTALLLOCATION yes</file>
  <url>http://downloadarchive.documentfoundation.org/libreoffice/old/4.4.3.2/win/x86/LibreOffice_4.4.3.2_Win_x86.msi</url>
  <sha1>2ec17b7aa28342d94ef750a0910c920e3146fcc6</sha1>
  <dependency package="com.googlecode.windows-package-manager.NpackdInstallerHelper" versions="[1.1, 2)">
   <variable>npackdih</variable>
  </dependency>
  <dependency package="com.googlecode.windows-package-manager.NpackdCL" versions="[1.15.7, 2)"/>
  <dependency package="com.oracle.JRE" versions="[1.6, 2)"/>
 </version>

 <version name="2.54.999.1" package="org.blender.Blender">
  <important-file path="blender-2.55-beta-windows32\blender.exe" title="Blender"/>
  <url>http://download.blender.org/release//Blender2.55beta/blender-2.55-beta-windows32.zip</url>
  <sha1>36556fb9b4ac5defe1e99bac1f3ee2d6c61c53e4</sha1>
 </version>
 <version name="2.56" package="org.blender.Blender">
  <important-file path="blender-2.56-beta-windows32\blender.exe" title="Blender"/>
  <url>http://download.blender.org/release//Blender2.56beta/blender-2.56-beta-windows32.zip</url>
  <sha1>f7b6276e13392a334713b41cfb2635cdd268a9e5</sha1>
 </version>
 <version name="2.56.1" package="org.blender.Blender">
  <important-file path="blender-2.56a-beta-windows32\blender.exe" title="Blender"/>
  <url>http://download.blender.org/release//Blender2.56abeta/blender-2.56a-beta-windows32.zip</url>
  <sha1>68146fd76846b3c83a314cd1bb1f32808f844e51</sha1>
 </version>

 <version name="0.9.4" package="org.grisbi.Grisbi" type="one-file">
  <file path=".Npackd\Install.bat">for /f "delims=" %%x in ('dir /b *.exe') do set setup=%%x&#13;
"%setup%" /S /D=%CD%&#13;
</file>
  <file path=".Npackd\Uninstall.bat">uninstall.exe /S _?=%CD%&#13;
</file>
  <url>https://sourceforge.net/projects/grisbi/files/grisbi%20unstable/0.9.4/Grisbi_0.9.4_win32_mingw_goffice.exe</url>
  <sha1>fd674320dece2fe6b8de7e2ce55251c42b908a09</sha1>
 </version>

 <version name="2.6.2.1" package="python-multiprocessing" type="one-file">
  <file path=".Npackd\Install.bat">for /f "delims=" %%x in ('dir /b *.exe') do set setup=%%x&#13;
"%setup%"&#13;
</file>
  <url>https://pypi.python.org/packages/2.5/m/multiprocessing/multiprocessing-2.6.2.1.win32-py2.5.exe</url>
  <sha1>ec3a4c402d460b4b4e2eaa84e984839fed081d77</sha1>
  <dependency package="org.python.Python" versions="[2.5.4, 2.5.4]"/>
 </version>

 <version name="7.35" package="se.haxx.curl.CURL" type="one-file">
  <file path=".Npackd\Install.bat">call "%npackdih%\InstallMSI.bat" APPLICATIONFOLDER yes</file>
  <url>http://www.confusedbycode.com/curl/curl-7.35.0-win32.msi</url>
  <sha1>afb2d71f5fc42ed59c60119e5be2090b50457f93</sha1>
  <dependency package="com.googlecode.windows-package-manager.NpackdInstallerHelper" versions="[1.1, 2)">
   <variable>npackdih</variable>
  </dependency>
  <dependency package="com.googlecode.windows-package-manager.NpackdCL" versions="[1.15.7, 2)"/>
  <dependency package="com.microsoft.VisualCPPRedistributable" versions="[11, 12)"/>
 </version>
 <version name="7.36" package="se.haxx.curl.CURL" type="one-file">
  <file path=".Npackd\Install.bat">call "%npackdih%\InstallMSI.bat" APPLICATIONFOLDER yes</file>
  <url>http://www.confusedbycode.com/curl/curl-7.36.0-win32.msi</url>
  <sha1>a78a0e79d35fb2fcdcf34e7b4bb964a698edeb4c</sha1>
  <dependency package="com.googlecode.windows-package-manager.NpackdInstallerHelper" versions="[1.1, 2)">
   <variable>npackdih</variable>
  </dependency>
  <dependency package="com.googlecode.windows-package-manager.NpackdCL" versions="[1.15.7, 2)"/>
  <dependency package="com.microsoft.VisualCPPRedistributable" versions="[11, 12)"/>
 </version>
 <version name="7.37" package="se.haxx.curl.CURL" type="one-file">
  <file path=".Npackd\Install.bat">call "%npackdih%\InstallMSI.bat" APPLICATIONFOLDER yes</file>
  <url>http://www.confusedbycode.com/curl/curl-7.37.0-win32.msi</url>
  <sha1>df50cc0d598b85dc3ba18b8c446c80d25f3c5a43</sha1>
  <dependency package="com.googlecode.windows-package-manager.NpackdInstallerHelper" versions="[1.1, 2)">
   <variable>npackdih</variable>
  </dependency>
  <dependency package="com.googlecode.windows-package-manager.NpackdCL" versions="[1.15.7, 2)"/>
  <dependency package="com.microsoft.VisualCPPRedistributable" versions="[11, 12)"/>
 </version>
 <version name="7.38" package="se.haxx.curl.CURL" type="one-file">
  <file path=".Npackd\Install.bat">call "%npackdih%\InstallMSI.bat" APPLICATIONFOLDER yes</file>
  <url>http://www.confusedbycode.com/curl/curl-7.38.0-win32.msi</url>
  <sha1>69fb34c65531f6ace36f06515b9f209bafe211c0</sha1>
  <dependency package="com.googlecode.windows-package-manager.NpackdInstallerHelper" versions="[1.1, 2)">
   <variable>npackdih</variable>
  </dependency>
  <dependency package="com.googlecode.windows-package-manager.NpackdCL" versions="[1.15.7, 2)"/>
  <dependency package="com.microsoft.VisualCPPRedistributable" versions="[11, 12)"/>
 </version>
 <version name="7.40" package="se.haxx.curl.CURL" type="one-file">
  <file path=".Npackd\Install.bat">call "%npackdih%\InstallMSI.bat" APPLICATIONFOLDER yes</file>
  <url>http://www.confusedbycode.com/curl/curl-7.40.0-win32.msi</url>
  <sha1>320b3089ef57ae51a30f0a5c7329799a3c854708</sha1>
  <dependency package="com.googlecode.windows-package-manager.NpackdInstallerHelper" versions="[1.1, 2)">
   <variable>npackdih</variable>
  </dependency>
  <dependency package="com.googlecode.windows-package-manager.NpackdCL" versions="[1.15.7, 2)"/>
  <dependency package="com.microsoft.VisualCPPRedistributable" versions="[11, 12)"/>
 </version>
 <version name="7.42" package="se.haxx.curl.CURL" type="one-file">
  <file path=".Npackd\Install.bat">call "%npackdih%\InstallMSI.bat" APPLICATIONFOLDER yes</file>
  <url>http://www.confusedbycode.com/curl/curl-7.42.0-win32.msi</url>
  <sha1>848105f58f2066b64b1e56216efff271814dae92</sha1>
  <dependency package="com.googlecode.windows-package-manager.NpackdInstallerHelper" versions="[1.1, 2)">
   <variable>npackdih</variable>
  </dependency>
  <dependency package="com.googlecode.windows-package-manager.NpackdCL" versions="[1.15.7, 2)"/>
  <dependency package="com.microsoft.VisualCPPRedistributable" versions="[11, 12)"/>
 </version>
 <version name="7.43" package="se.haxx.curl.CURL" type="one-file">
  <file path=".Npackd\Install.bat">call "%npackdih%\InstallMSI.bat" APPLICATIONFOLDER yes</file>
  <url>http://www.confusedbycode.com/curl/curl-7.43.0-win32.msi</url>
  <sha1>3b1a68c098cb698a94ccff13546ab42d8dedd25f</sha1>
  <dependency package="com.googlecode.windows-package-manager.NpackdInstallerHelper" versions="[1.1, 2)">
   <variable>npackdih</variable>
  </dependency>
  <dependency package="com.googlecode.windows-package-manager.NpackdCL" versions="[1.15.7, 2)"/>
  <dependency package="com.microsoft.VisualCPPRedistributable" versions="[11, 12)"/>
 </version>
 <version name="7.45" package="se.haxx.curl.CURL" type="one-file">
  <file path=".Npackd\Install.bat">call "%npackdih%\InstallMSI.bat" APPLICATIONFOLDER yes</file>
  <url>http://www.confusedbycode.com/curl/curl-7.45.0-win32.msi</url>
  <sha1>c6bc814bd8ab61cb02825bafda915b97e17914ac</sha1>
  <dependency package="com.googlecode.windows-package-manager.NpackdInstallerHelper" versions="[1.1, 2)">
   <variable>npackdih</variable>
  </dependency>
  <dependency package="com.googlecode.windows-package-manager.NpackdCL" versions="[1.15.7, 2)"/>
  <dependency package="com.microsoft.VisualCPPRedistributable" versions="[11, 12)"/>
 </version>
</root>